0.0,-0.111,88.2
0.0,-0.111,88.2
0.0,-0.111,88.2
0.0,-0.111,88.2
0.0,-0.111,88.2
0.0,-0.111,88.2
0.0,-0.111,88.2
0.0,-0.111,88.2
0.0,-0.111,88.2
0.0,-0.111,88.2
0.0,-0.111,88.2
0.0,-0.111,88.2
0.0,-0.111,88.2
0.0,-0.111,88.2
0.0,-0.111,88.2
0.0,-0.111,88.2
0.0,-0.111,88.2
0.0,-0.111,88.2
0.0,-0.111,88.2
0.0,-0.111,88.2
0.0,-0.111,88.2
0.085,-0.111,88.2
0.085,-0.111,88.2
0.085,-0.111,88.2
0.085,-0.111,88.2
0.171,-0.111,88.2
0.171,-0.111,88.2
0.171,-0.111,88.2
0.256,-0.111,88.2
0.256,-0.111,88.2
0.256,-0.111,88.2
0.341,-0.111,88.2
0.341,-0.111,88.2
0.426,-0.111,88.2
0.426,-0.111,88.2
0.512,-0.111,88.2
0.512,-0.111,88.2
0.597,-0.111,88.2
0.597,-0.111,88.3
0.682,-0.111,88.3
0.682,-0.111,88.3
0.768,-0.111,88.3
0.853,-0.111,88.3
0.853,-0.111,88.4
0.938,-0.111,88.4
0.938,-0.111,88.4
1.023,-0.111,88.4
1.109,-0.111,88.4
1.194,-0.111,88.5
1.194,-0.111,88.5
1.279,-0.111,88.5
1.364,-0.111,88.6
1.364,-0.111,88.6
1.45,-0.111,88.6
1.535,-0.111,88.6
1.62,-0.111,88.7
1.706,-0.111,88.7
1.706,-0.111,88.7
1.791,-0.111,88.8
1.876,-0.111,88.8
1.961,-0.111,88.8
2.047,-0.111,88.9
2.047,-0.111,88.9
2.132,-0.111,88.9
2.217,-0.111,89.0
2.303,-0.111,89.0
2.388,-0.111,89.0
2.473,-0.111,89.1
2.558,-0.111,89.1
2.558,-0.111,89.2
2.644,-0.111,89.2
2.729,-0.111,89.2
2.814,-0.111,89.2
2.9,-0.111,89.3
2.985,-0.111,89.3
3.07,-0.111,89.3
3.155,-0.111,89.4
3.241,-0.111,89.4
3.326,-0.111,89.4
3.411,-0.111,89.5
3.496,-0.111,89.5
3.582,-0.111,89.5
3.667,-0.111,89.6
3.752,0.0,89.6
3.838,0.0,89.6
3.923,0.0,89.7
4.008,0.0,89.7
4.093,0.0,89.7
4.179,0.0,89.7
4.264,0.0,89.7
4.349,0.0,89.7
4.435,0.0,89.8
4.52,0.0,89.8
4.605,0.0,89.8
4.69,0.0,89.7
4.776,0.0,89.7
4.861,0.0,89.7
4.946,0.0,89.7
5.032,0.0,89.7
5.117,0.0,89.7
5.202,0.0,89.7
5.287,0.0,89.7
5.373,0.0,89.7
5.458,0.0,89.7
5.543,0.0,89.7
5.629,0.0,89.7
5.714,0.0,89.7
5.884,0.0,89.6
5.97,0.0,89.6
6.055,0.0,89.6
6.14,0.0,89.6
6.225,0.0,89.6
6.311,0.0,89.6
6.396,0.0,89.6
6.481,0.0,89.6
6.567,0.0,89.6
6.652,0.0,89.6
6.822,0.0,89.6
6.908,0.0,89.5
6.993,0.0,89.5
7.078,0.0,89.5
7.164,0.0,89.5
7.249,0.0,89.5
7.334,0.0,89.5
7.505,0.0,89.5
7.59,0.0,89.5
7.675,0.0,89.5
7.761,0.0,89.5
7.846,0.0,89.5
7.931,0.0,89.5
8.102,0.0,89.5
8.187,0.0,89.5
8.272,0.0,89.5
8.357,0.0,89.5
8.443,0.0,89.4
8.613,0.0,89.4
8.699,0.0,89.4
8.784,0.0,89.4
8.869,0.0,89.4
8.954,0.0,89.4
9.125,0.0,89.3
9.21,0.0,89.4
9.296,0.0,89.3
9.381,0.0,89.3
9.466,0.0,89.3
9.551,0.0,89.3
9.722,0.0,89.3
9.807,0.0,89.3
9.893,0.0,89.3
9.978,0.0,89.3
10.148,0.0,89.3
10.234,0.0,89.3
10.319,0.0,89.3
10.404,0.0,89.3
10.575,0.0,89.3
10.66,0.0,89.3
10.745,0.0,89.2
10.831,0.0,89.2
10.916,0.0,89.2
11.086,0.0,89.2
11.172,0.0,89.2
11.257,0.0,89.2
11.342,0.0,89.2
11.513,0.0,89.2
11.598,0.0,89.2
11.683,0.0,89.2
11.769,0.0,89.2
11.939,0.0,89.2
12.025,0.0,89.2
12.11,0.0,89.1
12.195,0.0,89.1
12.366,0.0,89.1
12.451,0.0,89.1
12.536,0.111,89.1
12.707,0.111,89.1
12.792,0.111,89.1
12.877,0.111,89.1
12.963,0.111,89.1
13.133,0.111,89.1
13.218,0.111,89.1
13.304,0.111,89.1
13.389,0.111,89.1
13.56,0.111,89.1
13.645,0.111,89.3
13.73,0.111,89.2
13.901,0.111,89.2
13.986,0.111,89.2
14.071,0.111,89.2
14.157,0.111,89.2
14.327,0.111,89.2
14.412,0.111,89.2
14.498,0.111,89.2
14.583,0.111,89.2
14.753,0.111,89.2
14.839,0.111,89.2
14.924,0.111,89.2
15.095,0.111,89.2
15.18,0.111,89.2
15.265,0.111,89.1
15.35,0.111,89.1
15.521,0.111,89.1
15.606,0.111,89.1
15.692,0.111,89.1
15.862,0.111,89.1
15.947,0.111,89.1
16.033,0.111,89.1
16.118,0.111,89.1
16.289,0.111,89.1
16.374,0.111,89.1
16.459,0.111,89.1
16.544,0.222,89.1
16.715,0.222,89.0
16.8,0.222,89.0
16.886,0.222,89.0
17.056,0.222,89.0
17.141,0.222,89.0
17.227,0.222,89.0
17.397,0.222,89.0
17.482,0.222,89.0
17.568,0.222,89.0
17.653,0.222,89.0
17.824,0.222,89.0
17.909,0.222,89.0
17.994,0.222,88.9
18.165,0.222,88.9
18.25,0.222,88.9
18.335,0.222,88.9
18.506,0.222,88.9
18.591,0.222,88.9
18.676,0.222,88.9
18.762,0.222,88.9
18.932,0.222,88.9
19.018,0.222,88.9
19.103,0.222,88.9
19.273,0.222,88.8
19.359,0.222,88.8
19.444,0.222,88.8
19.614,0.222,88.8
19.7,0.222,88.8
19.785,0.222,88.8
19.87,0.222,88.8
20.041,0.222,88.8
20.126,0.222,88.8
20.211,0.222,88.8
20.382,0.222,88.8
20.467,0.222,88.8
20.553,0.222,88.8
20.638,0.222,88.7
20.808,0.222,88.7
20.894,0.222,88.7
20.979,0.222,88.7
21.064,0.222,88.7
21.235,0.222,88.7
21.32,0.222,88.7
21.405,0.222,88.7
21.491,0.222,88.7
21.661,0.222,88.7
21.746,0.222,88.7
21.832,0.222,88.7
21.917,0.222,88.6
22.002,0.222,88.6
22.173,0.222,88.7
22.258,0.222,88.7
22.343,0.222,88.6
22.429,0.222,88.6
22.514,0.222,88.6
22.599,0.222,88.6
22.77,0.222,88.6
22.855,0.222,88.6
22.94,0.222,88.6
23.026,0.222,88.5
23.111,0.222,88.5
23.282,0.222,88.5
23.367,0.222,88.5
23.452,0.222,88.5
23.537,0.222,88.5
23.623,0.222,88.5
23.708,0.222,88.5
23.793,0.222,88.5
23.964,0.222,88.6
24.049,0.222,88.6
24.134,0.222,88.6
24.22,0.222,88.6
24.305,0.333,88.6
24.39,0.333,88.6
24.561,0.333,88.6
24.646,0.333,88.6
24.731,0.333,88.6
24.817,0.333,88.7
24.902,0.333,88.7
24.987,0.333,88.7
25.158,0.333,88.8
25.243,0.333,88.9
25.328,0.333,88.9
25.414,0.333,89.0
25.499,0.333,89.1
25.584,0.333,89.2
25.669,0.333,89.3
25.755,0.333,89.3
25.925,0.333,89.4
26.01,0.333,89.5
26.096,0.333,89.6
26.181,0.333,89.7
26.266,0.333,89.8
26.352,0.333,89.9
26.437,0.333,90.1
26.607,0.333,90.2
26.693,0.333,90.3
26.778,0.333,90.5
26.863,0.333,90.6
26.949,0.333,90.8
27.034,0.333,91.0
27.119,0.333,91.2
27.29,0.333,91.5
27.375,0.333,91.7
27.46,0.333,92.0
27.546,0.333,92.2
27.631,0.333,92.5
27.716,0.333,92.8
27.801,0.333,93.1
27.972,0.333,93.3
28.057,0.222,93.6
28.143,0.222,93.9
28.228,0.222,94.1
28.313,0.222,94.4
28.398,0.222,94.7
28.484,0.222,95.0
28.654,0.222,95.3
28.739,0.222,95.5
28.825,0.222,95.8
28.91,0.222,96.1
28.995,0.222,96.4
29.081,0.222,96.7
29.251,0.222,97.0
29.336,0.222,97.3
29.422,0.222,97.6
29.507,0.222,98.0
29.592,0.222,98.3
29.678,0.111,98.6
29.848,0.111,98.9
29.933,0.111,99.2
30.019,0.111,99.6
30.104,0.111,99.9
30.189,0.111,100.2
30.36,0.111,100.5
30.445,0.0,100.9
30.53,0.0,101.2
30.616,0.0,101.6
30.701,0.0,102.0
30.786,0.0,102.3
30.871,0.0,102.7
31.042,0.0,103.0
31.127,-0.111,103.4
31.127,-0.111,103.8
31.213,-0.111,104.1
31.298,-0.111,104.5
31.468,-0.222,104.9
31.554,-0.222,105.2
31.639,-0.222,105.6
31.724,-0.222,106.0
31.81,-0.333,106.4
31.895,-0.333,106.8
31.98,-0.333,107.2
32.065,-0.333,107.5
32.151,-0.333,107.9
32.236,-0.333,108.3
32.321,-0.444,108.7
32.407,-0.444,109.2
32.492,-0.444,109.6
32.662,-0.444,110.0
32.748,-0.555,110.4
32.833,-0.555,110.8
32.918,-0.555,111.2
33.003,-0.555,111.7
33.089,-0.666,112.2
33.174,-0.666,112.5
33.259,-0.666,112.9
33.345,-0.777,113.4
33.43,-0.777,113.8
33.515,-0.777,114.2
33.6,-0.888,114.6
33.686,-0.888,115.0
33.771,-0.888,115.4
33.856,-0.999,115.8
33.942,-0.999,116.2
34.027,-1.11,116.6
34.112,-1.11,117.1
34.197,-1.11,117.5
34.283,-1.221,117.9
34.368,-1.221,118.4
34.453,-1.332,118.8
34.539,-1.332,119.2
34.624,-1.332,119.7
34.709,-1.443,120.1
34.794,-1.554,120.6
34.88,-1.554,121.0
34.965,-1.666,121.4
35.05,-1.666,121.9
35.135,-1.666,122.3
35.135,-1.777,122.8
35.221,-1.777,123.3
35.306,-1.888,123.7
35.391,-1.888,124.2
35.477,-1.888,124.6
35.562,-1.999,125.1
35.562,-1.999,125.6
35.647,-2.11,126.0
35.732,-2.11,126.5
35.818,-2.221,126.9
35.903,-2.221,127.4
35.988,-2.332,127.9
35.988,-2.332,128.3
36.074,-2.443,128.8
36.159,-2.443,129.4
36.244,-2.443,129.9
36.329,-2.554,130.4
36.415,-2.554,130.9
36.415,-2.665,131.4
36.5,-2.665,131.9
36.585,-2.776,132.4
36.671,-2.887,132.9
36.756,-2.887,133.5
36.756,-2.998,134.0
36.841,-2.998,134.5
36.926,-3.109,135.1
37.012,-3.109,135.6
37.012,-3.22,136.1
37.097,-3.331,136.7
37.182,-3.331,137.2
37.268,-3.442,137.8
37.268,-3.442,138.3
37.353,-3.553,138.9
37.438,-3.664,139.4
37.523,-3.664,140.0
37.523,-3.775,140.5
37.609,-3.775,141.0
37.694,-3.886,141.6
37.779,-3.886,142.1
37.779,-3.997,142.6
37.864,-4.108,143.2
37.864,-4.108,143.7
37.95,-4.219,144.3
38.035,-4.33,144.8
38.035,-4.33,145.4
38.12,-4.441,145.9
38.206,-4.552,146.5
38.206,-4.552,147.1
38.291,-4.663,147.6
38.291,-4.774,148.2
38.376,-4.774,148.8
38.461,-4.886,149.4
38.461,-4.997,150.0
38.547,-4.997,150.6
38.547,-5.108,151.2
38.632,-5.219,151.9
38.632,-5.33,152.5
38.717,-5.33,153.2
38.717,-5.441,153.8
38.717,-5.552,154.5
38.803,-5.552,155.2
38.803,-5.663,155.9
38.888,-5.774,156.6
38.888,-5.885,157.3
38.973,-5.885,158.0
38.973,-5.996,158.8
39.058,-6.107,159.5
39.058,-6.107,160.2
39.058,-6.218,161.0
39.144,-6.329,161.8
39.144,-6.44,162.6
39.144,-6.44,163.4
39.229,-6.551,164.2
39.229,-6.662,165.1
39.229,-6.773,165.9
39.229,-6.773,166.7
39.314,-6.884,167.6
39.314,-6.995,168.4
39.314,-7.106,169.3
39.314,-7.106,170.2
39.4,-7.217,171.1
39.4,-7.328,172.0
39.4,-7.439,172.8
39.4,-7.439,173.7
39.4,-7.55,174.6
39.4,-7.661,175.6
39.4,-7.772,176.5
39.4,-7.883,177.5
39.4,-7.883,178.5
39.4,-7.994,179.4
39.4,-8.106,180.4
39.4,-8.217,181.4
39.4,-8.328,182.3
39.4,-8.328,183.3
39.4,-8.439,184.3
39.4,-8.55,185.4
39.4,-8.661,186.4
39.4,-8.661,187.4
39.4,-8.772,188.5
39.4,-8.883,189.5
39.4,-8.994,190.6
39.314,-8.994,191.7
39.314,-9.105,192.8
39.314,-9.216,193.9
39.314,-9.327,195.0
39.314,-9.327,196.1
39.314,-9.438,197.2
39.229,-9.549,198.3
39.229,-9.549,199.5
39.229,-9.66,200.5
39.144,-9.771,201.6
39.144,-9.882,202.8
39.144,-9.882,203.9
39.058,-9.993,205.0
39.058,-10.104,206.1
39.058,-10.104,207.2
38.973,-10.215,208.2
38.973,-10.326,209.3
38.888,-10.326,210.4
38.888,-10.437,211.5
38.888,-10.548,212.6
38.803,-10.548,213.7
38.803,-10.659,214.8
38.717,-10.659,215.9
38.717,-10.77,217.0
38.632,-10.881,218.1
38.547,-10.881,219.2
38.547,-10.992,220.2
38.461,-11.103,221.3
38.461,-11.103,222.4
38.376,-11.214,223.5
38.291,-11.214,224.6
38.291,-11.326,225.7
38.206,-11.326,226.7
38.12,-11.437,227.8
38.12,-11.437,228.9
38.035,-11.548,229.9
37.95,-11.548,231.0
37.95,-11.659,232.1
37.864,-11.659,233.1
37.779,-11.659,234.2
37.779,-11.77,235.2
37.694,-11.77,236.2
37.609,-11.881,237.3
37.523,-11.881,238.3
37.438,-11.992,239.2
37.353,-11.992,240.2
37.353,-12.103,241.1
37.268,-12.103,242.1
37.182,-12.103,243.0
37.097,-12.214,243.8
37.012,-12.214,244.7
36.926,-12.214,245.5
36.926,-12.325,246.3
36.841,-12.325,247.1
36.756,-12.325,247.9
36.671,-12.436,248.6
36.585,-12.436,249.3
36.5,-12.436,249.9
36.415,-12.547,250.6
36.329,-12.547,251.2
36.244,-12.547,251.8
36.159,-12.547,252.3
36.074,-12.658,252.8
35.988,-12.658,253.3
35.903,-12.658,253.8
35.818,-12.658,254.3
35.732,-12.769,254.8
35.647,-12.769,255.2
35.562,-12.769,255.6
35.477,-12.769,256.1
35.391,-12.769,256.5
35.306,-12.88,256.9
35.221,-12.88,257.3
35.135,-12.88,257.7
35.05,-12.88,258.1
34.965,-12.88,258.4
34.88,-12.991,258.8
34.794,-12.991,259.1
34.709,-12.991,259.5
34.624,-12.991,259.8
34.539,-12.991,260.2
34.453,-12.991,260.5
34.368,-13.102,260.9
34.283,-13.102,261.2
34.197,-13.102,261.6
34.112,-13.102,261.9
34.027,-13.102,262.3
33.942,-13.102,262.6
33.856,-13.102,263.0
33.686,-13.102,263.4
33.6,-13.213,263.7
33.515,-13.213,264.1
33.43,-13.213,264.5
33.345,-13.213,264.8
33.259,-13.213,265.2
33.174,-13.213,265.5
33.089,-13.213,265.9
33.003,-13.213,266.3
32.918,-13.213,266.6
32.833,-13.213,266.9
32.662,-13.213,267.3
32.577,-13.213,267.6
32.492,-13.324,267.9
32.407,-13.213,268.2
32.321,-13.213,268.5
32.236,-13.324,268.8
32.151,-13.324,269.0
32.065,-13.324,269.2
31.895,-13.324,269.4
31.81,-13.324,269.6
31.724,-13.324,269.8
31.639,-13.324,269.9
31.554,-13.324,270.1
31.468,-13.324,270.2
31.298,-13.324,270.3
31.213,-13.324,270.4
31.127,-13.324,270.5
31.042,-13.324,270.6
30.957,-13.324,270.6
30.871,-13.324,270.7
30.701,-13.324,270.7
30.616,-13.324,270.8
30.53,-13.324,270.8
30.445,-13.213,270.9
30.36,-13.213,270.9
30.275,-13.213,271.0
30.104,-13.213,271.0
30.019,-13.213,271.1
29.933,-13.213,271.1
29.848,-13.213,271.2
29.763,-13.213,271.2
29.592,-13.213,271.2
29.507,-13.213,271.3
29.422,-13.213,271.3
29.336,-13.213,271.3
29.251,-13.213,271.3
29.081,-13.213,271.4
28.995,-13.213,271.4
28.91,-13.213,271.4
28.825,-13.213,271.4
28.654,-13.213,271.4
28.569,-13.213,271.5
28.484,-13.213,271.5
28.398,-13.213,271.5
28.228,-13.213,271.6
28.143,-13.213,271.6
28.057,-13.213,271.6
27.972,-13.213,271.6
27.801,-13.213,271.6
27.716,-13.213,271.6
27.631,-13.213,271.6
27.546,-13.213,271.6
27.375,-13.213,271.6
27.29,-13.213,271.6
27.204,-13.213,271.7
27.034,-13.213,271.7
26.949,-13.213,271.7
26.863,-13.213,271.7
26.778,-13.213,271.7
26.607,-13.213,271.7
26.522,-13.213,271.7
26.437,-13.213,271.7
26.352,-13.213,271.7
26.181,-13.213,271.7
26.096,-13.213,271.7
26.01,-13.213,271.7
25.84,-13.213,271.7
25.755,-13.213,271.6
25.669,-13.213,271.6
25.584,-13.102,271.6
25.414,-13.102,271.6
25.328,-13.102,271.6
25.243,-13.102,271.6
25.072,-13.102,271.6
24.987,-13.102,271.6
24.902,-13.102,271.6
24.817,-13.102,271.5
24.646,-13.102,271.5
24.561,-13.102,271.5
24.475,-13.102,271.5
24.305,-13.102,271.5
24.22,-13.102,271.5
24.134,-13.102,271.5
24.049,-13.102,271.5
23.878,-13.102,271.5
23.793,-13.102,271.4
23.708,-13.102,271.4
23.537,-13.102,271.4
23.452,-13.102,271.4
23.367,-13.102,271.4
23.282,-13.102,271.4
23.111,-13.102,271.4
23.026,-13.102,271.4
22.94,-13.102,271.4
22.77,-13.102,271.4
22.685,-13.102,271.3
22.599,-13.102,271.3
22.429,-13.102,271.3
22.343,-13.102,271.3
22.258,-13.102,271.3
22.173,-13.102,271.3
22.002,-13.102,271.3
21.917,-13.102,271.3
21.832,-13.102,271.3
21.661,-13.102,271.2
21.576,-13.102,271.2
21.491,-13.102,271.2
21.32,-13.102,271.2
21.235,-12.991,271.2
21.15,-12.991,271.2
20.979,-12.991,271.2
20.894,-12.991,271.2
20.808,-12.991,271.2
20.638,-12.991,271.2
20.553,-12.991,271.2
20.467,-12.991,271.1
20.297,-12.991,271.1
20.211,-12.991,271.1
20.126,-12.991,271.1
20.041,-12.991,271.1
19.87,-12.991,271.1
19.785,-12.991,271.0
19.7,-12.991,271.0
19.529,-12.991,271.0
19.444,-12.991,271.0
19.359,-12.991,271.0
19.188,-12.991,271.0
19.103,-12.991,271.0
19.018,-12.991,271.0
18.847,-12.991,271.0
18.762,-12.991,271.0
18.676,-12.991,271.0
18.506,-12.991,270.9
18.421,-12.991,270.9
18.335,-12.991,270.9
18.25,-12.991,270.9
18.079,-12.991,270.9
17.994,-12.991,270.9
17.909,-12.991,270.9
17.738,-12.991,270.8
17.653,-12.991,270.8
17.568,-12.991,270.8
17.397,-12.991,270.8
17.312,-12.991,270.8
17.227,-12.991,270.8
17.056,-12.991,270.8
16.971,-12.991,270.8
16.886,-12.991,270.8
16.8,-12.991,270.8
16.63,-12.991,270.8
16.544,-12.991,270.7
16.459,-12.991,270.7
16.289,-12.991,270.7
16.203,-12.991,270.7
16.118,-12.991,270.7
15.947,-12.991,270.7
15.862,-12.991,270.7
15.777,-12.991,270.7
15.606,-12.991,270.7
15.521,-12.991,270.6
15.436,-12.991,270.6
15.265,-12.991,270.6
15.18,-12.991,270.6
15.095,-12.991,270.6
14.924,-12.991,270.6
14.839,-12.991,270.6
14.753,-12.991,270.6
14.583,-12.991,270.6
14.498,-12.991,270.5
14.412,-12.991,270.5
14.242,-12.991,270.5
14.157,-12.991,270.5
14.071,-12.991,270.5
13.901,-12.991,270.5
13.815,-12.991,270.5
13.645,-12.991,270.5
13.56,-12.991,270.5
13.474,-12.991,270.4
13.304,-12.991,270.4
13.218,-12.991,270.4
13.133,-12.991,270.4
12.963,-12.991,270.4
12.877,-12.991,270.4
12.792,-12.991,270.4
12.621,-12.991,270.4
12.536,-12.991,270.3
12.451,-12.991,270.3
12.28,-12.991,270.3
12.195,-12.991,270.3
12.11,-12.991,270.3
11.939,-12.991,270.3
11.854,-12.991,270.3
11.769,-12.991,270.3
11.598,-12.991,270.3
11.513,-12.991,270.2
11.428,-12.991,270.2
11.257,-12.991,270.2
11.172,-12.991,270.2
11.086,-12.991,270.2
10.916,-12.991,270.2
10.831,-12.991,270.2
10.745,-12.991,270.2
10.575,-12.991,270.2
10.489,-12.991,270.2
10.404,-12.991,270.1
10.234,-12.991,270.1
10.148,-12.991,270.1
10.063,-12.88,270.1
9.893,-12.88,270.1
9.807,-12.88,270.1
9.722,-12.88,270.1
9.551,-12.88,270.1
9.466,-12.88,270.1
9.296,-12.991,270.0
9.21,-12.991,270.0
9.125,-12.991,270.0
8.954,-12.991,270.0
8.869,-12.991,270.0
8.784,-12.991,270.0
8.613,-12.991,270.0
8.528,-12.991,270.0
8.443,-12.991,270.0
8.272,-12.991,269.9
8.187,-12.991,269.9
8.016,-12.991,269.9
7.931,-12.991,269.9
7.846,-12.991,269.9
7.675,-12.991,269.9
7.59,-12.991,269.9
7.505,-12.991,269.9
7.334,-12.991,269.8
7.249,-12.991,269.8
7.164,-12.991,269.8
6.993,-12.991,269.8
6.908,-12.991,269.8
6.822,-12.991,269.8
6.652,-12.991,269.8
6.567,-12.991,269.8
6.396,-12.991,269.8
6.311,-12.991,269.8
6.225,-12.991,269.7
6.055,-12.991,269.7
5.97,-12.991,269.7
5.884,-12.991,269.7
5.799,-12.991,269.7
5.629,-12.991,269.7
5.543,-12.991,269.7
5.458,-12.991,269.6
5.287,-12.991,269.6
5.202,-12.991,269.6
5.117,-12.991,269.6
4.946,-12.991,269.6
4.861,-12.991,269.6
4.776,-12.991,269.6
4.605,-12.991,269.9
4.52,-12.991,269.9
4.349,-12.991,269.9
4.264,-12.991,269.9
4.179,-12.991,269.9
4.008,-12.991,269.9
3.923,-12.991,269.8
3.838,-12.991,269.8
3.667,-12.991,269.8
3.582,-12.991,269.8
3.496,-12.991,269.8
3.326,-12.991,269.8
3.241,-12.991,269.8
3.155,-12.991,269.8
2.985,-12.991,269.8
2.9,-12.991,269.8
2.814,-12.991,269.8
2.644,-12.991,269.8
2.558,-12.991,269.7
2.388,-12.991,269.7
2.303,-12.991,269.7
2.217,-12.991,269.7
2.047,-12.991,269.7
1.961,-12.991,269.7
1.876,-12.991,269.7
1.706,-12.991,269.7
1.62,-12.991,269.6
1.535,-12.991,269.6
1.364,-12.991,269.6
1.279,-12.991,269.6
1.109,-12.991,269.6
1.023,-12.991,269.6
0.938,-12.991,269.6
0.768,-12.991,269.6
0.682,-12.991,269.6
0.512,-12.991,269.6
0.426,-12.991,269.6
0.341,-12.991,269.5
0.171,-12.991,269.5
0.085,-12.991,269.5
0.0,-12.991,269.5
-0.171,-12.991,269.5
-0.256,-12.991,269.5
-0.341,-12.991,269.5
-0.512,-12.991,269.5
-0.597,-12.991,269.5
-0.682,-12.991,269.5
-0.853,-12.991,269.5
-0.938,-12.991,269.5
-1.109,-12.991,269.4
-1.194,-12.991,269.4
-1.279,-12.991,269.4
-1.45,-12.991,269.5
-1.535,-12.991,269.5
-1.62,-12.991,269.5
-1.791,-12.991,269.5
-1.876,-12.991,269.5
-2.047,-12.991,269.5
-2.132,-13.102,269.5
-2.217,-12.991,269.5
-2.388,-12.991,269.5
-2.473,-13.102,269.6
-2.644,-13.102,269.6
-2.729,-13.102,269.6
-2.814,-13.102,269.7
-2.985,-13.102,269.7
-3.07,-13.102,269.7
-3.155,-13.102,269.7
-3.326,-13.102,269.7
-3.411,-12.991,269.8
-3.582,-12.991,269.8
-3.667,-12.991,269.8
-3.752,-12.991,269.8
-3.923,-12.991,269.9
-4.008,-12.991,269.9
-4.093,-12.991,270.0
-4.264,-12.991,270.0
-4.349,-12.991,270.1
-4.52,-12.991,270.1
-4.605,-12.991,270.2
-4.69,-12.991,270.2
-4.861,-12.991,270.3
-4.946,-12.991,270.4
-5.117,-12.991,270.5
-5.202,-12.991,270.5
-5.287,-12.991,270.6
-5.458,-12.991,270.7
-5.543,-12.991,270.8
-5.629,-12.991,271.0
-5.799,-12.991,271.1
-5.884,-12.991,271.2
-6.055,-12.991,271.3
-6.14,-12.991,271.5
-6.225,-12.991,271.6
-6.396,-12.991,271.8
-6.481,-12.991,272.0
-6.567,-12.991,272.2
-6.737,-12.991,272.3
-6.822,-12.991,272.5
-6.993,-12.991,272.7
-7.078,-12.991,272.9
-7.164,-12.991,273.2
-7.334,-12.991,273.4
-7.419,-12.991,273.7
-7.505,-12.991,273.9
-7.675,-12.991,274.2
-7.761,-12.991,274.5
-7.846,-12.991,274.9
-8.016,-12.991,275.2
-8.102,-12.88,275.6
-8.272,-12.88,275.9
-8.357,-12.88,276.3
-8.443,-12.88,276.7
-8.613,-12.88,277.1
-8.699,-12.88,277.6
-8.784,-12.88,278.0
-8.954,-12.88,278.5
-9.04,-12.88,278.9
-9.125,-12.769,279.4
-9.296,-12.769,279.9
-9.381,-12.769,280.4
-9.551,-12.769,280.9
-9.637,-12.658,281.4
-9.722,-12.658,281.9
-9.893,-12.658,282.5
-9.978,-12.658,283.0
-10.063,-12.658,283.6
-10.148,-12.547,284.1
-10.319,-12.547,284.7
-10.404,-12.547,285.2
-10.489,-12.547,285.8
-10.66,-12.436,286.4
-10.745,-12.436,287.0
-10.831,-12.436,287.6
-11.001,-12.325,288.3
-11.086,-12.325,288.9
-11.172,-12.325,289.6
-11.257,-12.214,290.3
-11.428,-12.214,291.1
-11.513,-12.214,291.8
-11.598,-12.214,292.6
-11.769,-12.103,293.5
-11.854,-12.103,294.3
-11.939,-12.103,295.2
-12.025,-11.992,296.1
-12.11,-11.992,297.0
-12.28,-11.881,297.9
-12.366,-11.881,298.8
-12.451,-11.77,299.8
-12.536,-11.77,300.8
-12.621,-11.659,301.7
-12.707,-11.659,302.7
-12.792,-11.548,303.7
-12.877,-11.548,304.7
-12.963,-11.437,305.7
-13.048,-11.437,306.7
-13.218,-11.326,307.7
-13.304,-11.326,308.7
-13.389,-11.214,309.7
-13.389,-11.103,310.7
-13.56,-11.103,311.6
-13.645,-10.992,312.6
-13.645,-10.881,313.6
-13.73,-10.881,314.6
-13.815,-10.77,315.6
-13.901,-10.659,316.6
-13.986,-10.659,317.6
-14.071,-10.548,318.6
-14.157,-10.437,319.7
-14.157,-10.326,320.7
-14.242,-10.326,321.8
-14.327,-10.215,322.8
-14.412,-10.104,323.8
-14.498,-9.993,324.9
-14.498,-9.882,325.9
-14.583,-9.882,327.0
-14.668,-9.771,328.1
-14.668,-9.66,329.1
-14.753,-9.549,330.2
-14.839,-9.549,331.2
-14.839,-9.438,332.3
-14.924,-9.327,333.3
-15.009,-9.216,334.4
-15.009,-9.216,335.4
-15.095,-9.105,336.5
-15.095,-8.994,337.5
-15.18,-8.883,338.6
-15.18,-8.772,339.6
-15.18,-8.661,340.7
-15.265,-8.55,341.8
-15.35,-8.55,342.8
-15.35,-8.439,343.8
-15.35,-8.328,344.9
-15.436,-8.217,345.9
-15.436,-8.106,347.0
-15.436,-7.994,348.0
-15.521,-7.883,349.1
-15.521,-7.772,350.1
-15.521,-7.661,351.2
-15.521,-7.661,352.2
-15.606,-7.55,353.2
-15.606,-7.439,354.3
-15.606,-7.328,355.3
-15.606,-7.217,356.3
-15.692,-7.106,357.4
-15.692,-6.995,358.4
-15.692,-6.884,359.5
-15.692,-6.773,0.5
-15.692,-6.662,1.5
-15.692,-6.551,2.5
-15.692,-6.44,3.5
-15.692,-6.44,4.6
-15.692,-6.329,5.6
-15.692,-6.218,6.6
-15.692,-6.107,7.6
-15.606,-5.996,8.7
-15.606,-5.885,9.7
-15.606,-5.774,10.7
-15.606,-5.663,11.7
-15.606,-5.552,12.7
-15.606,-5.441,13.7
-15.521,-5.441,14.8
-15.521,-5.33,15.8
-15.521,-5.219,16.8
-15.436,-5.108,17.7
-15.436,-4.997,18.7
-15.436,-4.886,19.7
-15.35,-4.886,20.7
-15.35,-4.774,21.7
-15.35,-4.663,22.7
-15.265,-4.552,23.7
-15.265,-4.441,24.7
-15.18,-4.33,25.7
-15.18,-4.219,26.7
-15.095,-4.219,27.6
-15.095,-4.108,28.6
-15.009,-3.997,29.6
-15.009,-3.886,30.6
-14.924,-3.775,31.6
-14.839,-3.664,32.5
-14.839,-3.664,33.5
-14.753,-3.553,34.4
-14.753,-3.442,35.4
-14.668,-3.442,36.4
-14.583,-3.331,37.3
-14.583,-3.22,38.3
-14.498,-3.109,39.3
-14.412,-3.109,40.2
-14.327,-2.998,41.2
-14.327,-2.887,42.1
-14.242,-2.887,43.1
-14.157,-2.776,44.0
-14.071,-2.776,44.9
-14.071,-2.665,45.9
-13.986,-2.554,46.8
-13.901,-2.554,47.7
-13.815,-2.443,48.6
-13.73,-2.443,49.4
-13.645,-2.332,50.3
-13.645,-2.221,51.1
-13.56,-2.221,52.0
-13.474,-2.11,52.8
-13.389,-2.11,53.6
-13.304,-1.999,54.4
-13.218,-1.999,55.2
-13.133,-1.888,56.0
-13.048,-1.888,56.8
-12.963,-1.777,57.5
-12.877,-1.777,58.2
-12.877,-1.666,58.9
-12.792,-1.666,59.6
-12.707,-1.554,60.3
-12.621,-1.554,60.9
-12.536,-1.443,61.5
-12.451,-1.443,62.1
-12.366,-1.332,62.7
-12.28,-1.332,63.2
-12.195,-1.332,63.8
-12.11,-1.221,64.3
-12.025,-1.221,64.8
-11.939,-1.11,65.3
-11.854,-1.11,65.8
-11.683,-1.11,66.3
-11.598,-0.999,66.8
-11.513,-0.999,67.3
-11.428,-0.999,67.7
-11.342,-0.888,68.2
-11.257,-0.888,68.6
-11.172,-0.888,69.1
-11.086,-0.777,69.6
-11.001,-0.777,70.1
-10.916,-0.666,70.5
-10.831,-0.666,70.9
-10.745,-0.666,71.4
-10.66,-0.555,71.9
-10.575,-0.555,72.3
-10.489,-0.555,72.8
-10.319,-0.555,73.3
-10.234,-0.444,73.7
-10.148,-0.444,74.2
-10.063,-0.444,74.7
-9.978,-0.333,75.1
-9.893,-0.333,75.6
-9.807,-0.333,76.1
-9.722,-0.333,76.5
-9.637,-0.222,77.0
-9.466,-0.222,77.4
-9.381,-0.222,77.9
-9.296,-0.222,78.4
-9.21,-0.222,79.0
-9.125,-0.222,79.4
-9.04,-0.111,79.9
-8.954,-0.111,80.3
-8.784,-0.111,80.8
-8.699,-0.111,81.3
-8.613,-0.111,81.7
-8.528,-0.111,82.2
-8.443,-0.111,82.6
-8.357,0.0,83.1
-8.187,0.0,83.6
-8.102,0.0,84.0
-8.016,0.0,84.4
-7.931,0.0,84.9
-7.846,0.0,85.3
-7.675,0.0,85.7
-7.59,0.0,86.1
-7.505,0.0,86.4
-7.419,0.0,86.8
-7.334,0.0,87.2
-7.249,0.0,87.5
-7.164,0.111,87.8
-6.993,0.111,88.1
-6.908,0.111,88.4
-6.822,0.111,88.6
-6.737,0.111,88.9
-6.652,0.111,89.1
-6.481,0.111,89.4
-6.396,0.111,89.6
-6.311,0.111,89.8
-6.225,0.111,89.9
-6.14,0.111,90.1
-6.055,0.111,90.3
-5.97,0.111,90.4
-5.799,0.111,90.5
-5.714,0.111,90.6
-5.629,0.111,90.7
-5.543,0.111,90.8
-5.458,0.111,90.9
-5.373,0.111,90.9
-5.287,0.111,91.0
-5.202,0.111,91.0
-5.117,0.111,91.0
-5.032,0.111,91.0
-4.861,0.111,91.0
-4.776,0.111,91.0
-4.69,0.111,91.0
-4.605,0.111,91.0
-4.52,0.111,90.9
-4.435,0.111,90.9
-4.349,0.111,90.9
-4.264,0.111,90.8
-4.179,0.111,90.7
-4.093,0.111,90.6
-4.008,0.111,90.6
-3.923,0.111,90.6
-3.838,0.111,90.5
-3.667,0.111,90.4
-3.582,0.111,90.3
-3.496,0.111,90.2
-3.496,0.111,90.2
-3.411,0.111,90.1
-3.326,0.111,90.0
-3.241,0.111,89.9
-3.155,0.111,89.8
-3.07,0.111,89.7
-2.985,0.111,89.6
-2.9,0.111,89.6
-2.814,0.111,89.5
-2.729,0.111,89.4
-2.644,0.111,89.3
-2.558,0.111,89.2
-2.473,0.111,89.1
-2.388,0.111,89.0
-2.303,0.111,89.0
-2.217,0.111,88.9
-2.132,0.111,88.8
-2.047,0.111,88.7
-1.961,0.111,88.6
-1.876,0.111,88.6
-1.876,0.111,88.5
-1.791,0.111,88.5
-1.706,0.111,88.4
-1.62,0.111,88.3
-1.535,0.111,88.3
-1.535,0.111,88.3
-1.45,0.111,88.2
-1.364,0.111,88.2
-1.279,0.111,88.2
-1.279,0.111,88.2
-1.194,0.111,88.2
-1.109,0.111,88.2
-1.109,0.111,88.2
-1.023,0.111,88.2
-0.938,0.111,88.2
-0.938,0.111,88.2
-0.853,0.111,88.2
-0.853,0.111,88.2
-0.768,0.111,88.2
-0.768,0.111,88.2
-0.682,0.111,88.2
-0.682,0.111,88.2
-0.597,0.111,88.2
-0.597,0.111,88.2
-0.597,0.111,88.2
-0.512,0.111,88.2
-0.512,0.111,88.2
-0.512,0.111,88.2
-0.512,0.111,88.2
-0.512,0.111,88.2
-0.426,0.111,88.2
-0.426,0.111,88.2
-0.426,0.111,88.2
-0.426,0.111,88.2
-0.426,0.111,88.2
-0.426,0.111,88.2
-0.426,0.111,88.2